{"Records":[{"eventVersion":"1.08","userIdentity":{"type":"Root","principalId":"107513503799","arn":"arn:aws:iam::107513503799:root","accountId":"107513503799","accessKeyId":"ASIARSCCN4A326BV3YNB","sessionContext":{"sessionIssuer":{},"webIdFederationData":{},"attributes":{"creationDate":"2023-08-26T18:45:20Z","mfaAuthenticated":"false"}},"invokedBy":"health.amazonaws.com"},"eventTime":"2023-08-26T20:57:08Z","eventSource":"health.amazonaws.com","eventName":"DescribeEventAggregates","awsRegion":"us-east-1","sourceIPAddress":"health.amazonaws.com","userAgent":"AWS Internal","requestParameters":{"filter":{"startTimes":[{"from":"Aug 19, 2023, 8:57:07 PM"}],"eventStatusCodes":["open","upcoming"]},"aggregateField":"eventTypeCategory"},"responseElements":null,"requestID":"c6286397-60e3-4b38-8635-44cbce71723a","eventID":"6606edee-46b4-4d78-abab-e3f931bb82da","readOnly":true,"eventType":"AwsApiCall","managementEvent":true,"recipientAccountId":"107513503799","eventCategory":"Management","sessionCredentialFromConsole":"true"},{"eventVersion":"1.08","userIdentity":{"type":"Root","principalId":"107513503799","arn":"arn:aws:iam::107513503799:root","accountId":"107513503799","accessKeyId":"ASIARSCCN4A35TTABCIN","sessionContext":{"sessionIssuer":{},"webIdFederationData":{},"attributes":{"creationDate":"2023-08-26T18:45:20Z","mfaAuthenticated":"false"}}},"eventTime":"2023-08-26T20:57:08Z","eventSource":"health.amazonaws.com","eventName":"DescribeEventAggregates","awsRegion":"us-east-1","sourceIPAddress":"84.32.71.31","userAgent":"AWS Internal","requestParameters":{"aggregateField":"eventTypeCategory","filter":{"eventStatusCodes":["open","upcoming"],"startTimes":[{"from":"Aug 19, 2023 8:57:07 PM"}]}},"responseElements":null,"requestID":"c6286397-60e3-4b38-8635-44cbce71723a","eventID":"242d51d8-963c-45ee-b9b2-62d058f84544","readOnly":true,"eventType":"AwsApiCall","managementEvent":true,"recipientAccountId":"107513503799","eventCategory":"Management","sessionCredentialFromConsole":"true"},{"eventVersion":"1.08","userIdentity":{"type":"Root","principalId":"107513503799","arn":"arn:aws:iam::107513503799:root","accountId":"107513503799","accessKeyId":"ASIARSCCN4A32TCSFA53","sessionContext":{"sessionIssuer":{},"webIdFederationData":{},"attributes":{"creationDate":"2023-08-26T18:45:20Z","mfaAuthenticated":"false"}}},"eventTime":"2023-08-26T20:58:27Z","eventSource":"iam.amazonaws.com","eventName":"ListPolicies","awsRegion":"us-east-1","sourceIPAddress":"84.32.71.47","userAgent":"AWS Internal","requestParameters":{"maxItems":1000,"onlyAttached":false},"responseElements":null,"requestID":"3a5b5d02-d97b-43bb-b80c-67120af98bab","eventID":"bd1678f8-143e-47dd-b672-9fcfb231a39a","readOnly":true,"eventType":"AwsApiCall","managementEvent":true,"recipientAccountId":"107513503799","eventCategory":"Management","sessionCredentialFromConsole":"true"},{"eventVersion":"1.08","userIdentity":{"type":"Root","principalId":"107513503799","arn":"arn:aws:iam::107513503799:root","accountId":"107513503799","accessKeyId":"ASIARSCCN4A32TCSFA53","sessionContext":{"sessionIssuer":{},"webIdFederationData":{},"attributes":{"creationDate":"2023-08-26T18:45:20Z","mfaAuthenticated":"false"}}},"eventTime":"2023-08-26T20:58:27Z","eventSource":"iam.amazonaws.com","eventName":"ListRoles","awsRegion":"us-east-1","sourceIPAddress":"84.32.71.47","userAgent":"AWS Internal","requestParameters":{"maxItems":1000},"responseElements":null,"requestID":"f813f189-2c9e-47e0-9c73-443ffadba770","eventID":"bee3c300-606e-4771-9cea-0585a939289d","readOnly":true,"eventType":"AwsApiCall","managementEvent":true,"recipientAccountId":"107513503799","eventCategory":"Management","sessionCredentialFromConsole":"true"},{"eventVersion":"1.08","userIdentity":{"type":"Root","principalId":"107513503799","arn":"arn:aws:iam::107513503799:root","accountId":"107513503799","accessKeyId":"ASIARSCCN4A32TCSFA53","sessionContext":{"sessionIssuer":{},"webIdFederationData":{},"attributes":{"creationDate":"2023-08-26T18:45:20Z","mfaAuthenticated":"false"}}},"eventTime":"2023-08-26T20:58:27Z","eventSource":"iam.amazonaws.com","eventName":"ListUsers","awsRegion":"us-east-1","sourceIPAddress":"84.32.71.47","userAgent":"AWS Internal","requestParameters":{"maxItems":1000},"responseElements":null,"requestID":"3d71a892-21ef-4080-be9b-b8c7deff71bb","eventID":"254c21e9-f81e-4231-9122-fa7c776ebb0c","readOnly":true,"eventType":"AwsApiCall","managementEvent":true,"recipientAccountId":"107513503799","eventCategory":"Management","sessionCredentialFromConsole":"true"},{"eventVersion":"1.08","userIdentity":{"type":"Root","principalId":"107513503799","arn":"arn:aws:iam::107513503799:root","accountId":"107513503799","accessKeyId":"ASIARSCCN4A3TIR4G554","sessionContext":{"sessionIssuer":{},"webIdFederationData":{},"attributes":{"creationDate":"2023-08-26T18:45:20Z","mfaAuthenticated":"false"}},"invokedBy":"health.amazonaws.com"},"eventTime":"2023-08-26T20:58:19Z","eventSource":"health.amazonaws.com","eventName":"DescribeEventAggregates","awsRegion":"us-east-1","sourceIPAddress":"health.amazonaws.com","userAgent":"AWS Internal","requestParameters":{"filter":{"startTimes":[{"from":"Aug 19, 2023, 8:58:18 PM"}],"eventStatusCodes":["open","upcoming"]},"aggregateField":"eventTypeCategory"},"responseElements":null,"requestID":"a4bc69cf-1c9a-4177-aa60-9540c70a8d80","eventID":"2fb642ab-ffb6-4436-aa02-5713a345e69f","readOnly":true,"eventType":"AwsApiCall","managementEvent":true,"recipientAccountId":"107513503799","eventCategory":"Management","sessionCredentialFromConsole":"true"},{"eventVersion":"1.08","userIdentity":{"type":"Root","principalId":"107513503799","arn":"arn:aws:iam::107513503799:root","accountId":"107513503799","accessKeyId":"ASIARSCCN4A32TCSFA53","sessionContext":{"sessionIssuer":{},"webIdFederationData":{},"attributes":{"creationDate":"2023-08-26T18:45:20Z","mfaAuthenticated":"false"}}},"eventTime":"2023-08-26T20:58:27Z","eventSource":"iam.amazonaws.com","eventName":"ListAccountAliases","awsRegion":"us-east-1","sourceIPAddress":"84.32.71.47","userAgent":"AWS Internal","requestParameters":null,"responseElements":null,"requestID":"079564d1-d411-40ab-8fcf-8f82445c4661","eventID":"77ed4cc2-54b1-409d-abde-b15151ab90c7","readOnly":true,"eventType":"AwsApiCall","managementEvent":true,"recipientAccountId":"107513503799","eventCategory":"Management","sessionCredentialFromConsole":"true"},{"eventVersion":"1.08","userIdentity":{"type":"Root","principalId":"107513503799","arn":"arn:aws:iam::107513503799:root","accountId":"107513503799","accessKeyId":"ASIARSCCN4A32TCSFA53","sessionContext":{"sessionIssuer":{},"webIdFederationData":{},"attributes":{"creationDate":"2023-08-26T18:45:20Z","mfaAuthenticated":"false"}}},"eventTime":"2023-08-26T20:58:27Z","eventSource":"iam.amazonaws.com","eventName":"ListAccessKeys","awsRegion":"us-east-1","sourceIPAddress":"84.32.71.47","userAgent":"AWS Internal","requestParameters":null,"responseElements":null,"requestID":"151ac8f6-ee98-4a8c-a6dc-d14b8e54f894","eventID":"cd7ef0d4-1ba5-4b1a-94a0-6204136aa927","readOnly":true,"eventType":"AwsApiCall","managementEvent":true,"recipientAccountId":"107513503799","eventCategory":"Management","sessionCredentialFromConsole":"true"},{"eventVersion":"1.08","userIdentity":{"type":"Root","principalId":"107513503799","arn":"arn:aws:iam::107513503799:root","accountId":"107513503799","accessKeyId":"ASIARSCCN4A32TCSFA53","sessionContext":{"sessionIssuer":{},"webIdFederationData":{},"attributes":{"creationDate":"2023-08-26T18:45:20Z","mfaAuthenticated":"false"}}},"eventTime":"2023-08-26T20:58:27Z","eventSource":"iam.amazonaws.com","eventName":"ListGroups","awsRegion":"us-east-1","sourceIPAddress":"84.32.71.47","userAgent":"AWS Internal","requestParameters":{"maxItems":1000},"responseElements":null,"requestID":"9a64197c-2971-405a-b99d-9a199a0cfbb8","eventID":"528e1c45-1472-4ffc-8c43-c692a0064fe2","readOnly":true,"eventType":"AwsApiCall","managementEvent":true,"recipientAccountId":"107513503799","eventCategory":"Management","sessionCredentialFromConsole":"true"},{"eventVersion":"1.08","userIdentity":{"type":"Root","principalId":"107513503799","arn":"arn:aws:iam::107513503799:root","accountId":"107513503799","accessKeyId":"ASIARSCCN4A32TCSFA53","sessionContext":{"sessionIssuer":{},"webIdFederationData":{},"attributes":{"creationDate":"2023-08-26T18:45:20Z","mfaAuthenticated":"false"}}},"eventTime":"2023-08-26T20:58:28Z","eventSource":"iam.amazonaws.com","eventName":"ListPolicies","awsRegion":"us-east-1","sourceIPAddress":"84.32.71.47","userAgent":"AWS Internal","requestParameters":{"maxItems":1000,"marker":"AA+7Yv4twrQuSUB8lSJ9JpUldESnnhIIO0lViBAqrJCxKisiqC+39fzs1RsMzUtn9RglQAa94A9jxT5SHH9s9khO7l0m+wd04kA4Zr4N7M8RGA==","onlyAttached":false},"responseElements":null,"requestID":"046d2fcb-1da2-48e5-b25b-2a32cb160e64","eventID":"060c4b6e-e4a9-4641-bb74-f76390e9406f","readOnly":true,"eventType":"AwsApiCall","managementEvent":true,"recipientAccountId":"107513503799","eventCategory":"Management","sessionCredentialFromConsole":"true"},{"eventVersion":"1.08","userIdentity":{"type":"Root","principalId":"107513503799","arn":"arn:aws:iam::107513503799:root","accountId":"107513503799","accessKeyId":"ASIARSCCN4A32TCSFA53","sessionContext":{"sessionIssuer":{},"webIdFederationData":{},"attributes":{"creationDate":"2023-08-26T18:45:20Z","mfaAuthenticated":"false"}}},"eventTime":"2023-08-26T20:58:27Z","eventSource":"iam.amazonaws.com","eventName":"ListOpenIDConnectProviders","awsRegion":"us-east-1","sourceIPAddress":"84.32.71.47","userAgent":"AWS Internal","requestParameters":null,"responseElements":null,"requestID":"aa7c5e70-23fe-40cf-ad4e-6df8c055dad0","eventID":"c950514d-be4e-4eec-810c-7b3a9bde2283","readOnly":true,"eventType":"AwsApiCall","managementEvent":true,"recipientAccountId":"107513503799","eventCategory":"Management","sessionCredentialFromConsole":"true"},{"eventVersion":"1.08","userIdentity":{"type":"Root","principalId":"107513503799","arn":"arn:aws:iam::107513503799:root","accountId":"107513503799","accessKeyId":"ASIARSCCN4A3YTPG374X","sessionContext":{"sessionIssuer":{},"webIdFederationData":{},"attributes":{"creationDate":"2023-08-26T18:45:20Z","mfaAuthenticated":"false"}}},"eventTime":"2023-08-26T20:58:19Z","eventSource":"health.amazonaws.com","eventName":"DescribeEventAggregates","awsRegion":"us-east-1","sourceIPAddress":"84.32.71.36","userAgent":"AWS Internal","requestParameters":{"aggregateField":"eventTypeCategory","filter":{"eventStatusCodes":["open","upcoming"],"startTimes":[{"from":"Aug 19, 2023 8:58:18 PM"}]}},"responseElements":null,"requestID":"a4bc69cf-1c9a-4177-aa60-9540c70a8d80","eventID":"69fda5d9-b753-447e-ab50-929e5110d3be","readOnly":true,"eventType":"AwsApiCall","managementEvent":true,"recipientAccountId":"107513503799","eventCategory":"Management","sessionCredentialFromConsole":"true"},{"eventVersion":"1.08","userIdentity":{"type":"Root","principalId":"107513503799","arn":"arn:aws:iam::107513503799:root","accountId":"107513503799","accessKeyId":"ASIARSCCN4A32TCSFA53","sessionContext":{"sessionIssuer":{},"webIdFederationData":{},"attributes":{"creationDate":"2023-08-26T18:45:20Z","mfaAuthenticated":"false"}}},"eventTime":"2023-08-26T20:58:27Z","eventSource":"organizations.amazonaws.com","eventName":"DescribeOrganization","awsRegion":"us-east-1","sourceIPAddress":"84.32.71.47","userAgent":"AWS Internal","requestParameters":null,"responseElements":null,"requestID":"51d04b9d-eb53-40c0-8983-22b4a2e0dd2f","eventID":"2a70667c-a9d2-4e3e-8c4d-e205a93d0a48","readOnly":true,"eventType":"AwsApiCall","managementEvent":true,"recipientAccountId":"107513503799","eventCategory":"Management","sessionCredentialFromConsole":"true"},{"eventVersion":"1.08","userIdentity":{"type":"Root","principalId":"107513503799","arn":"arn:aws:iam::107513503799:root","accountId":"107513503799","accessKeyId":"ASIARSCCN4A32TCSFA53","sessionContext":{"sessionIssuer":{},"webIdFederationData":{},"attributes":{"creationDate":"2023-08-26T18:45:20Z","mfaAuthenticated":"false"}}},"eventTime":"2023-08-26T20:58:45Z","eventSource":"iam.amazonaws.com","eventName":"GetLoginProfile","awsRegion":"us-east-1","sourceIPAddress":"84.32.71.47","userAgent":"aws-internal/3 aws-sdk-java/1.12.529 Linux/5.10.186-157.751.amzn2int.x86_64 OpenJDK_64-Bit_Server_VM/25.382-b06 java/1.8.0_382 vendor/Oracle_Corporation cfg/retry-mode/standard","requestParameters":{"userName":"_devansh"},"responseElements":null,"requestID":"db7e3483-7876-4fc5-b043-b55464e8d6e0","eventID":"90dd3cc8-6264-459a-b3a2-40a6c6652a36","readOnly":true,"eventType":"AwsApiCall","managementEvent":true,"recipientAccountId":"107513503799","eventCategory":"Management"},{"eventVersion":"1.08","userIdentity":{"type":"Root","principalId":"107513503799","arn":"arn:aws:iam::107513503799:root","accountId":"107513503799","accessKeyId":"ASIARSCCN4A32TCSFA53","sessionContext":{"sessionIssuer":{},"webIdFederationData":{},"attributes":{"creationDate":"2023-08-26T18:45:20Z","mfaAuthenticated":"false"}}},"eventTime":"2023-08-26T20:58:45Z","eventSource":"iam.amazonaws.com","eventName":"GetLoginProfile","awsRegion":"us-east-1","sourceIPAddress":"84.32.71.47","userAgent":"aws-internal/3 aws-sdk-java/1.12.529 Linux/5.10.186-157.751.amzn2int.x86_64 OpenJDK_64-Bit_Server_VM/25.382-b06 java/1.8.0_382 vendor/Oracle_Corporation cfg/retry-mode/standard","requestParameters":{"userName":"ian"},"responseElements":null,"requestID":"db7e3483-7876-4fc5-b043-b55464e8d6e0","eventID":"7e549918-3c67-4cb6-b9a9-2ab6b611e03e","readOnly":true,"eventType":"AwsApiCall","managementEvent":true,"recipientAccountId":"107513503799","eventCategory":"Management"},{"eventVersion":"1.08","userIdentity":{"type":"Root","principalId":"107513503799","arn":"arn:aws:iam::107513503799:root","accountId":"107513503799","accessKeyId":"ASIARSCCN4A32TCSFA53","sessionContext":{"sessionIssuer":{},"webIdFederationData":{},"attributes":{"creationDate":"2023-08-26T18:45:20Z","mfaAuthenticated":"false"}}},"eventTime":"2023-08-26T20:58:45Z","eventSource":"iam.amazonaws.com","eventName":"GetLoginProfile","awsRegion":"us-east-1","sourceIPAddress":"84.32.71.47","userAgent":"aws-internal/3 aws-sdk-java/1.12.529 Linux/5.10.186-157.751.amzn2int.x86_64 OpenJDK_64-Bit_Server_VM/25.382-b06 java/1.8.0_382 vendor/Oracle_Corporation cfg/retry-mode/standard","requestParameters":{"userName":"policyuser"},"responseElements":null,"requestID":"db7e3483-7876-4fc5-b043-b55464e8d6e0","eventID":"ea797e00-83e4-4d2e-9962-4ba98db9f724","readOnly":true,"eventType":"AwsApiCall","managementEvent":true,"recipientAccountId":"107513503799","eventCategory":"Management"},{"eventVersion":"1.08","userIdentity":{"type":"Root","principalId":"107513503799","arn":"arn:aws:iam::107513503799:root","accountId":"107513503799","accessKeyId":"ASIARSCCN4A32TCSFA53","sessionContext":{"sessionIssuer":{},"webIdFederationData":{},"attributes":{"creationDate":"2023-08-26T18:45:20Z","mfaAuthenticated":"false"}}},"eventTime":"2023-08-26T20:58:45Z","eventSource":"iam.amazonaws.com","eventName":"GetLoginProfile","awsRegion":"us-east-1","sourceIPAddress":"84.32.71.47","userAgent":"aws-internal/3 aws-sdk-java/1.12.529 Linux/5.10.186-157.751.amzn2int.x86_64 OpenJDK_64-Bit_Server_VM/25.382-b06 java/1.8.0_382 vendor/Oracle_Corporation cfg/retry-mode/standard","requestParameters":{"userName":"temp-user"},"responseElements":null,"requestID":"db7e3483-7876-4fc5-b043-b55464e8d6e0","eventID":"674c1fc2-c61a-4f11-b35e-3e67b1909852","readOnly":true,"eventType":"AwsApiCall","managementEvent":true,"recipientAccountId":"107513503799","eventCategory":"Management"},{"eventVersion":"1.08","userIdentity":{"type":"Root","principalId":"107513503799","arn":"arn:aws:iam::107513503799:root","accountId":"107513503799","accessKeyId":"ASIARSCCN4A32TCSFA53","sessionContext":{"sessionIssuer":{},"webIdFederationData":{},"attributes":{"creationDate":"2023-08-26T18:45:20Z","mfaAuthenticated":"false"}}},"eventTime":"2023-08-26T20:58:46Z","eventSource":"iam.amazonaws.com","eventName":"ListSigningCertificates","awsRegion":"us-east-1","sourceIPAddress":"84.32.71.47","userAgent":"aws-internal/3 aws-sdk-java/1.12.529 Linux/5.10.186-157.751.amzn2int.x86_64 OpenJDK_64-Bit_Server_VM/25.382-b06 java/1.8.0_382 vendor/Oracle_Corporation cfg/retry-mode/standard","requestParameters":{"userName":"_devansh"},"responseElements":null,"requestID":"6cc85b17-109e-4143-88cd-896b59cd70cd","eventID":"76faf471-a489-4e10-a65e-e9b23d06c37e","readOnly":true,"eventType":"AwsApiCall","managementEvent":true,"recipientAccountId":"107513503799","eventCategory":"Management"},{"eventVersion":"1.08","userIdentity":{"type":"Root","principalId":"107513503799","arn":"arn:aws:iam::107513503799:root","accountId":"107513503799","accessKeyId":"ASIARSCCN4A32TCSFA53","sessionContext":{"sessionIssuer":{},"webIdFederationData":{},"attributes":{"creationDate":"2023-08-26T18:45:20Z","mfaAuthenticated":"false"}}},"eventTime":"2023-08-26T20:58:46Z","eventSource":"iam.amazonaws.com","eventName":"ListSigningCertificates","awsRegion":"us-east-1","sourceIPAddress":"84.32.71.47","userAgent":"aws-internal/3 aws-sdk-java/1.12.529 Linux/5.10.186-157.751.amzn2int.x86_64 OpenJDK_64-Bit_Server_VM/25.382-b06 java/1.8.0_382 vendor/Oracle_Corporation cfg/retry-mode/standard","requestParameters":{"userName":"ian"},"responseElements":null,"requestID":"6cc85b17-109e-4143-88cd-896b59cd70cd","eventID":"1980cc10-07c0-4424-9aeb-aff291afe169","readOnly":true,"eventType":"AwsApiCall","managementEvent":true,"recipientAccountId":"107513503799","eventCategory":"Management"},{"eventVersion":"1.08","userIdentity":{"type":"Root","principalId":"107513503799","arn":"arn:aws:iam::107513503799:root","accountId":"107513503799","accessKeyId":"ASIARSCCN4A32TCSFA53","sessionContext":{"sessionIssuer":{},"webIdFederationData":{},"attributes":{"creationDate":"2023-08-26T18:45:20Z","mfaAuthenticated":"false"}}},"eventTime":"2023-08-26T20:58:46Z","eventSource":"iam.amazonaws.com","eventName":"ListSigningCertificates","awsRegion":"us-east-1","sourceIPAddress":"84.32.71.47","userAgent":"aws-internal/3 aws-sdk-java/1.12.529 Linux/5.10.186-157.751.amzn2int.x86_64 OpenJDK_64-Bit_Server_VM/25.382-b06 java/1.8.0_382 vendor/Oracle_Corporation cfg/retry-mode/standard","requestParameters":{"userName":"policyuser"},"responseElements":null,"requestID":"6cc85b17-109e-4143-88cd-896b59cd70cd","eventID":"1a9fdf91-f17a-4819-bc46-f0a6daae1646","readOnly":true,"eventType":"AwsApiCall","managementEvent":true,"recipientAccountId":"107513503799","eventCategory":"Management"},{"eventVersion":"1.08","userIdentity":{"type":"Root","principalId":"107513503799","arn":"arn:aws:iam::107513503799:root","accountId":"107513503799","accessKeyId":"ASIARSCCN4A32TCSFA53","sessionContext":{"sessionIssuer":{},"webIdFederationData":{},"attributes":{"creationDate":"2023-08-26T18:45:20Z","mfaAuthenticated":"false"}}},"eventTime":"2023-08-26T20:58:46Z","eventSource":"iam.amazonaws.com","eventName":"ListSigningCertificates","awsRegion":"us-east-1","sourceIPAddress":"84.32.71.47","userAgent":"aws-internal/3 aws-sdk-java/1.12.529 Linux/5.10.186-157.751.amzn2int.x86_64 OpenJDK_64-Bit_Server_VM/25.382-b06 java/1.8.0_382 vendor/Oracle_Corporation cfg/retry-mode/standard","requestParameters":{"userName":"temp-user"},"responseElements":null,"requestID":"6cc85b17-109e-4143-88cd-896b59cd70cd","eventID":"7fee19b4-aa4c-4297-b0b9-f70749c21198","readOnly":true,"eventType":"AwsApiCall","managementEvent":true,"recipientAccountId":"107513503799","eventCategory":"Management"},{"eventVersion":"1.08","userIdentity":{"type":"Root","principalId":"107513503799","arn":"arn:aws:iam::107513503799:root","accountId":"107513503799","accessKeyId":"ASIARSCCN4A32TCSFA53","sessionContext":{"sessionIssuer":{},"webIdFederationData":{},"attributes":{"creationDate":"2023-08-26T18:45:20Z","mfaAuthenticated":"false"}}},"eventTime":"2023-08-26T20:58:47Z","eventSource":"iam.amazonaws.com","eventName":"ListMFADevices","awsRegion":"us-east-1","sourceIPAddress":"84.32.71.47","userAgent":"aws-internal/3 aws-sdk-java/1.12.529 Linux/5.10.184-153.749.amzn2int.x86_64 OpenJDK_64-Bit_Server_VM/25.382-b06 java/1.8.0_382 vendor/Oracle_Corporation cfg/retry-mode/standard","requestParameters":{"userName":"_devansh"},"responseElements":null,"requestID":"dca5544d-9e90-4a77-af5e-4322963e0df6","eventID":"e7d21ecb-d2fe-44fb-9170-7e1f673bce49","readOnly":true,"eventType":"AwsApiCall","managementEvent":true,"recipientAccountId":"107513503799","eventCategory":"Management"},{"eventVersion":"1.08","userIdentity":{"type":"Root","principalId":"107513503799","arn":"arn:aws:iam::107513503799:root","accountId":"107513503799","accessKeyId":"ASIARSCCN4A32TCSFA53","sessionContext":{"sessionIssuer":{},"webIdFederationData":{},"attributes":{"creationDate":"2023-08-26T18:45:20Z","mfaAuthenticated":"false"}}},"eventTime":"2023-08-26T20:58:47Z","eventSource":"iam.amazonaws.com","eventName":"ListMFADevices","awsRegion":"us-east-1","sourceIPAddress":"84.32.71.47","userAgent":"aws-internal/3 aws-sdk-java/1.12.529 Linux/5.10.184-153.749.amzn2int.x86_64 OpenJDK_64-Bit_Server_VM/25.382-b06 java/1.8.0_382 vendor/Oracle_Corporation cfg/retry-mode/standard","requestParameters":{"userName":"ian"},"responseElements":null,"requestID":"dca5544d-9e90-4a77-af5e-4322963e0df6","eventID":"81d2b391-7ab7-4abf-bf21-384433449f3f","readOnly":true,"eventType":"AwsApiCall","managementEvent":true,"recipientAccountId":"107513503799","eventCategory":"Management"},{"eventVersion":"1.08","userIdentity":{"type":"Root","principalId":"107513503799","arn":"arn:aws:iam::107513503799:root","accountId":"107513503799","accessKeyId":"ASIARSCCN4A32TCSFA53","sessionContext":{"sessionIssuer":{},"webIdFederationData":{},"attributes":{"creationDate":"2023-08-26T18:45:20Z","mfaAuthenticated":"false"}}},"eventTime":"2023-08-26T20:58:47Z","eventSource":"iam.amazonaws.com","eventName":"ListMFADevices","awsRegion":"us-east-1","sourceIPAddress":"84.32.71.47","userAgent":"aws-internal/3 aws-sdk-java/1.12.529 Linux/5.10.184-153.749.amzn2int.x86_64 OpenJDK_64-Bit_Server_VM/25.382-b06 java/1.8.0_382 vendor/Oracle_Corporation cfg/retry-mode/standard","requestParameters":{"userName":"policyuser"},"responseElements":null,"requestID":"dca5544d-9e90-4a77-af5e-4322963e0df6","eventID":"3aec6c23-54db-4e40-9f68-7d19cf3a97d3","readOnly":true,"eventType":"AwsApiCall","managementEvent":true,"recipientAccountId":"107513503799","eventCategory":"Management"},{"eventVersion":"1.08","userIdentity":{"type":"Root","principalId":"107513503799","arn":"arn:aws:iam::107513503799:root","accountId":"107513503799","accessKeyId":"ASIARSCCN4A32TCSFA53","sessionContext":{"sessionIssuer":{},"webIdFederationData":{},"attributes":{"creationDate":"2023-08-26T18:45:20Z","mfaAuthenticated":"false"}}},"eventTime":"2023-08-26T20:58:47Z","eventSource":"iam.amazonaws.com","eventName":"ListMFADevices","awsRegion":"us-east-1","sourceIPAddress":"84.32.71.47","userAgent":"aws-internal/3 aws-sdk-java/1.12.529 Linux/5.10.184-153.749.amzn2int.x86_64 OpenJDK_64-Bit_Server_VM/25.382-b06 java/1.8.0_382 vendor/Oracle_Corporation cfg/retry-mode/standard","requestParameters":{"userName":"temp-user"},"responseElements":null,"requestID":"dca5544d-9e90-4a77-af5e-4322963e0df6","eventID":"c45745cd-d6aa-4cf6-b1fc-514a801cb239","readOnly":true,"eventType":"AwsApiCall","managementEvent":true,"recipientAccountId":"107513503799","eventCategory":"Management"},{"eventVersion":"1.08","userIdentity":{"type":"Root","principalId":"107513503799","arn":"arn:aws:iam::107513503799:root","accountId":"107513503799","accessKeyId":"ASIARSCCN4A32TCSFA53","sessionContext":{"sessionIssuer":{},"webIdFederationData":{},"attributes":{"creationDate":"2023-08-26T18:45:20Z","mfaAuthenticated":"false"}}},"eventTime":"2023-08-26T20:58:48Z","eventSource":"iam.amazonaws.com","eventName":"ListAccessKeys","awsRegion":"us-east-1","sourceIPAddress":"84.32.71.47","userAgent":"aws-internal/3 aws-sdk-java/1.12.529 Linux/5.10.186-157.751.amzn2int.x86_64 OpenJDK_64-Bit_Server_VM/25.382-b06 java/1.8.0_382 vendor/Oracle_Corporation cfg/retry-mode/standard","requestParameters":{"userName":"_devansh"},"responseElements":null,"requestID":"d69635cb-67a4-4112-95d4-8bb4cfd7ccde","eventID":"ffb0d076-53a0-4ce8-8502-72b80c58c511","readOnly":true,"eventType":"AwsApiCall","managementEvent":true,"recipientAccountId":"107513503799","eventCategory":"Management"},{"eventVersion":"1.08","userIdentity":{"type":"Root","principalId":"107513503799","arn":"arn:aws:iam::107513503799:root","accountId":"107513503799","accessKeyId":"ASIARSCCN4A32TCSFA53","sessionContext":{"sessionIssuer":{},"webIdFederationData":{},"attributes":{"creationDate":"2023-08-26T18:45:20Z","mfaAuthenticated":"false"}}},"eventTime":"2023-08-26T20:58:48Z","eventSource":"iam.amazonaws.com","eventName":"ListAccessKeys","awsRegion":"us-east-1","sourceIPAddress":"84.32.71.47","userAgent":"aws-internal/3 aws-sdk-java/1.12.529 Linux/5.10.186-157.751.amzn2int.x86_64 OpenJDK_64-Bit_Server_VM/25.382-b06 java/1.8.0_382 vendor/Oracle_Corporation cfg/retry-mode/standard","requestParameters":{"userName":"ian"},"responseElements":null,"requestID":"d69635cb-67a4-4112-95d4-8bb4cfd7ccde","eventID":"01e37391-70b3-447a-8398-83d6502671ab","readOnly":true,"eventType":"AwsApiCall","managementEvent":true,"recipientAccountId":"107513503799","eventCategory":"Management"},{"eventVersion":"1.08","userIdentity":{"type":"Root","principalId":"107513503799","arn":"arn:aws:iam::107513503799:root","accountId":"107513503799","accessKeyId":"ASIARSCCN4A32TCSFA53","sessionContext":{"sessionIssuer":{},"webIdFederationData":{},"attributes":{"creationDate":"2023-08-26T18:45:20Z","mfaAuthenticated":"false"}}},"eventTime":"2023-08-26T20:58:48Z","eventSource":"iam.amazonaws.com","eventName":"ListAccessKeys","awsRegion":"us-east-1","sourceIPAddress":"84.32.71.47","userAgent":"aws-internal/3 aws-sdk-java/1.12.529 Linux/5.10.186-157.751.amzn2int.x86_64 OpenJDK_64-Bit_Server_VM/25.382-b06 java/1.8.0_382 vendor/Oracle_Corporation cfg/retry-mode/standard","requestParameters":{"userName":"policyuser"},"responseElements":null,"requestID":"d69635cb-67a4-4112-95d4-8bb4cfd7ccde","eventID":"ab25dd0b-54af-4b24-bdfe-b07de547e761","readOnly":true,"eventType":"AwsApiCall","managementEvent":true,"recipientAccountId":"107513503799","eventCategory":"Management"},{"eventVersion":"1.08","userIdentity":{"type":"Root","principalId":"107513503799","arn":"arn:aws:iam::107513503799:root","accountId":"107513503799","accessKeyId":"ASIARSCCN4A32TCSFA53","sessionContext":{"sessionIssuer":{},"webIdFederationData":{},"attributes":{"creationDate":"2023-08-26T18:45:20Z","mfaAuthenticated":"false"}}},"eventTime":"2023-08-26T20:58:48Z","eventSource":"iam.amazonaws.com","eventName":"ListAccessKeys","awsRegion":"us-east-1","sourceIPAddress":"84.32.71.47","userAgent":"aws-internal/3 aws-sdk-java/1.12.529 Linux/5.10.186-157.751.amzn2int.x86_64 OpenJDK_64-Bit_Server_VM/25.382-b06 java/1.8.0_382 vendor/Oracle_Corporation cfg/retry-mode/standard","requestParameters":{"userName":"temp-user"},"responseElements":null,"requestID":"d69635cb-67a4-4112-95d4-8bb4cfd7ccde","eventID":"d7a06b60-0bd7-4af2-b9ce-2d0197185bda","readOnly":true,"eventType":"AwsApiCall","managementEvent":true,"recipientAccountId":"107513503799","eventCategory":"Management"},{"eventVersion":"1.08","userIdentity":{"type":"Root","principalId":"107513503799","arn":"arn:aws:iam::107513503799:root","accountId":"107513503799","accessKeyId":"ASIARSCCN4A32TCSFA53","sessionContext":{"sessionIssuer":{},"webIdFederationData":{},"attributes":{"creationDate":"2023-08-26T18:45:20Z","mfaAuthenticated":"false"}}},"eventTime":"2023-08-26T20:58:49Z","eventSource":"iam.amazonaws.com","eventName":"GetAccessKeyLastUsed","awsRegion":"us-east-1","sourceIPAddress":"84.32.71.47","userAgent":"aws-internal/3 aws-sdk-java/1.12.529 Linux/5.10.186-157.751.amzn2int.x86_64 OpenJDK_64-Bit_Server_VM/25.382-b06 java/1.8.0_382 vendor/Oracle_Corporation cfg/retry-mode/standard","requestParameters":{"accessKeyId":"AKIARSCCN4A3TUXYUNC5"},"responseElements":null,"requestID":"3f7e5e50-3503-451a-868d-fdfedc8a0c0f","eventID":"6be99087-4b08-4fb7-a285-a66b1b37d622","readOnly":true,"eventType":"AwsApiCall","managementEvent":true,"recipientAccountId":"107513503799","eventCategory":"Management"},{"eventVersion":"1.08","userIdentity":{"type":"Root","principalId":"107513503799","arn":"arn:aws:iam::107513503799:root","accountId":"107513503799","accessKeyId":"ASIARSCCN4A32TCSFA53","sessionContext":{"sessionIssuer":{},"webIdFederationData":{},"attributes":{"creationDate":"2023-08-26T18:45:20Z","mfaAuthenticated":"false"}}},"eventTime":"2023-08-26T20:58:49Z","eventSource":"iam.amazonaws.com","eventName":"GetAccessKeyLastUsed","awsRegion":"us-east-1","sourceIPAddress":"84.32.71.47","userAgent":"aws-internal/3 aws-sdk-java/1.12.529 Linux/5.10.186-157.751.amzn2int.x86_64 OpenJDK_64-Bit_Server_VM/25.382-b06 java/1.8.0_382 vendor/Oracle_Corporation cfg/retry-mode/standard","requestParameters":{"accessKeyId":"AKIARSCCN4A3XFL3CZ65"},"responseElements":null,"requestID":"3f7e5e50-3503-451a-868d-fdfedc8a0c0f","eventID":"c8c9c52a-a8bf-4a44-97ea-d1f1cc3febc7","readOnly":true,"eventType":"AwsApiCall","managementEvent":true,"recipientAccountId":"107513503799","eventCategory":"Management"},{"eventVersion":"1.08","userIdentity":{"type":"Root","principalId":"107513503799","arn":"arn:aws:iam::107513503799:root","accountId":"107513503799","accessKeyId":"ASIARSCCN4A32TCSFA53","sessionContext":{"sessionIssuer":{},"webIdFederationData":{},"attributes":{"creationDate":"2023-08-26T18:45:20Z","mfaAuthenticated":"false"}}},"eventTime":"2023-08-26T20:58:49Z","eventSource":"iam.amazonaws.com","eventName":"GetAccessKeyLastUsed","awsRegion":"us-east-1","sourceIPAddress":"84.32.71.47","userAgent":"aws-internal/3 aws-sdk-java/1.12.529 Linux/5.10.186-157.751.amzn2int.x86_64 OpenJDK_64-Bit_Server_VM/25.382-b06 java/1.8.0_382 vendor/Oracle_Corporation cfg/retry-mode/standard","requestParameters":{"accessKeyId":"AKIARSCCN4A3YAVCQWWS"},"responseElements":null,"requestID":"3f7e5e50-3503-451a-868d-fdfedc8a0c0f","eventID":"59574bde-5dbb-4a81-bd89-2fcba06a393d","readOnly":true,"eventType":"AwsApiCall","managementEvent":true,"recipientAccountId":"107513503799","eventCategory":"Management"},{"eventVersion":"1.08","userIdentity":{"type":"Root","principalId":"107513503799","arn":"arn:aws:iam::107513503799:root","accountId":"107513503799","accessKeyId":"ASIARSCCN4A32TCSFA53","sessionContext":{"sessionIssuer":{},"webIdFederationData":{},"attributes":{"creationDate":"2023-08-26T18:45:20Z","mfaAuthenticated":"false"}}},"eventTime":"2023-08-26T20:58:49Z","eventSource":"iam.amazonaws.com","eventName":"GetAccessKeyLastUsed","awsRegion":"us-east-1","sourceIPAddress":"84.32.71.47","userAgent":"aws-internal/3 aws-sdk-java/1.12.529 Linux/5.10.186-157.751.amzn2int.x86_64 OpenJDK_64-Bit_Server_VM/25.382-b06 java/1.8.0_382 vendor/Oracle_Corporation cfg/retry-mode/standard","requestParameters":{"accessKeyId":"AKIARSCCN4A3WD4RO4P4"},"responseElements":null,"requestID":"3f7e5e50-3503-451a-868d-fdfedc8a0c0f","eventID":"5a3bb289-1342-438e-a5b7-b1a8fb492d71","readOnly":true,"eventType":"AwsApiCall","managementEvent":true,"recipientAccountId":"107513503799","eventCategory":"Management"},{"eventVersion":"1.08","userIdentity":{"type":"Root","principalId":"107513503799","arn":"arn:aws:iam::107513503799:root","accountId":"107513503799","accessKeyId":"ASIARSCCN4A32TCSFA53","sessionContext":{"sessionIssuer":{},"webIdFederationData":{},"attributes":{"creationDate":"2023-08-26T18:45:20Z","mfaAuthenticated":"false"}}},"eventTime":"2023-08-26T20:58:48Z","eventSource":"iam.amazonaws.com","eventName":"ListGroupsForUser","awsRegion":"us-east-1","sourceIPAddress":"84.32.71.47","userAgent":"aws-internal/3 aws-sdk-java/1.12.529 Linux/5.10.186-157.751.amzn2int.x86_64 OpenJDK_64-Bit_Server_VM/25.382-b06 java/1.8.0_382 vendor/Oracle_Corporation cfg/retry-mode/standard","requestParameters":{"userName":"_devansh"},"responseElements":null,"requestID":"177e6cdd-992a-4a3e-825d-3c0cd3e00581","eventID":"351fa992-77fc-481a-b4e1-4c912fe99ae4","readOnly":true,"eventType":"AwsApiCall","managementEvent":true,"recipientAccountId":"107513503799","eventCategory":"Management"},{"eventVersion":"1.08","userIdentity":{"type":"Root","principalId":"107513503799","arn":"arn:aws:iam::107513503799:root","accountId":"107513503799","accessKeyId":"ASIARSCCN4A32TCSFA53","sessionContext":{"sessionIssuer":{},"webIdFederationData":{},"attributes":{"creationDate":"2023-08-26T18:45:20Z","mfaAuthenticated":"false"}}},"eventTime":"2023-08-26T20:58:48Z","eventSource":"iam.amazonaws.com","eventName":"ListGroupsForUser","awsRegion":"us-east-1","sourceIPAddress":"84.32.71.47","userAgent":"aws-internal/3 aws-sdk-java/1.12.529 Linux/5.10.186-157.751.amzn2int.x86_64 OpenJDK_64-Bit_Server_VM/25.382-b06 java/1.8.0_382 vendor/Oracle_Corporation cfg/retry-mode/standard","requestParameters":{"userName":"ian"},"responseElements":null,"requestID":"177e6cdd-992a-4a3e-825d-3c0cd3e00581","eventID":"e10e866d-42b9-4903-aec1-f02953279418","readOnly":true,"eventType":"AwsApiCall","managementEvent":true,"recipientAccountId":"107513503799","eventCategory":"Management"},{"eventVersion":"1.08","userIdentity":{"type":"Root","principalId":"107513503799","arn":"arn:aws:iam::107513503799:root","accountId":"107513503799","accessKeyId":"ASIARSCCN4A32TCSFA53","sessionContext":{"sessionIssuer":{},"webIdFederationData":{},"attributes":{"creationDate":"2023-08-26T18:45:20Z","mfaAuthenticated":"false"}}},"eventTime":"2023-08-26T20:58:48Z","eventSource":"iam.amazonaws.com","eventName":"ListGroupsForUser","awsRegion":"us-east-1","sourceIPAddress":"84.32.71.47","userAgent":"aws-internal/3 aws-sdk-java/1.12.529 Linux/5.10.186-157.751.amzn2int.x86_64 OpenJDK_64-Bit_Server_VM/25.382-b06 java/1.8.0_382 vendor/Oracle_Corporation cfg/retry-mode/standard","requestParameters":{"userName":"policyuser"},"responseElements":null,"requestID":"177e6cdd-992a-4a3e-825d-3c0cd3e00581","eventID":"7418242d-d2b7-4fed-9f28-722f53c45db7","readOnly":true,"eventType":"AwsApiCall","managementEvent":true,"recipientAccountId":"107513503799","eventCategory":"Management"},{"eventVersion":"1.08","userIdentity":{"type":"Root","principalId":"107513503799","arn":"arn:aws:iam::107513503799:root","accountId":"107513503799","accessKeyId":"ASIARSCCN4A32TCSFA53","sessionContext":{"sessionIssuer":{},"webIdFederationData":{},"attributes":{"creationDate":"2023-08-26T18:45:20Z","mfaAuthenticated":"false"}}},"eventTime":"2023-08-26T20:58:48Z","eventSource":"iam.amazonaws.com","eventName":"ListGroupsForUser","awsRegion":"us-east-1","sourceIPAddress":"84.32.71.47","userAgent":"aws-internal/3 aws-sdk-java/1.12.529 Linux/5.10.186-157.751.amzn2int.x86_64 OpenJDK_64-Bit_Server_VM/25.382-b06 java/1.8.0_382 vendor/Oracle_Corporation cfg/retry-mode/standard","requestParameters":{"userName":"temp-user"},"responseElements":null,"requestID":"177e6cdd-992a-4a3e-825d-3c0cd3e00581","eventID":"118e0170-d435-4bee-bbb9-7b1633dae5af","readOnly":true,"eventType":"AwsApiCall","managementEvent":true,"recipientAccountId":"107513503799","eventCategory":"Management"},{"eventVersion":"1.08","userIdentity":{"type":"Root","principalId":"107513503799","arn":"arn:aws:iam::107513503799:root","accountId":"107513503799","accessKeyId":"ASIARSCCN4A3ULZJKHRZ","sessionContext":{"sessionIssuer":{},"webIdFederationData":{},"attributes":{"creationDate":"2023-08-26T18:45:20Z","mfaAuthenticated":"false"}},"invokedBy":"health.amazonaws.com"},"eventTime":"2023-08-26T20:58:32Z","eventSource":"health.amazonaws.com","eventName":"DescribeEventAggregates","awsRegion":"us-east-1","sourceIPAddress":"health.amazonaws.com","userAgent":"AWS Internal","requestParameters":{"filter":{"startTimes":[{"from":"Aug 19, 2023, 8:58:32 PM"}],"eventStatusCodes":["open","upcoming"]},"aggregateField":"eventTypeCategory"},"responseElements":null,"requestID":"fa039a2b-9e81-4841-afc0-0746c939f9b9","eventID":"05dc1502-222b-47dc-a7af-8934e7c5499a","readOnly":true,"eventType":"AwsApiCall","managementEvent":true,"recipientAccountId":"107513503799","eventCategory":"Management","sessionCredentialFromConsole":"true"},{"eventVersion":"1.08","userIdentity":{"type":"Root","principalId":"107513503799","arn":"arn:aws:iam::107513503799:root","accountId":"107513503799","accessKeyId":"ASIARSCCN4A3YTPG374X","sessionContext":{"sessionIssuer":{},"webIdFederationData":{},"attributes":{"creationDate":"2023-08-26T18:45:20Z","mfaAuthenticated":"false"}}},"eventTime":"2023-08-26T20:58:32Z","eventSource":"health.amazonaws.com","eventName":"DescribeEventAggregates","awsRegion":"us-east-1","sourceIPAddress":"84.32.71.36","userAgent":"AWS Internal","requestParameters":{"aggregateField":"eventTypeCategory","filter":{"eventStatusCodes":["open","upcoming"],"startTimes":[{"from":"Aug 19, 2023 8:58:32 PM"}]}},"responseElements":null,"requestID":"fa039a2b-9e81-4841-afc0-0746c939f9b9","eventID":"fe253da1-fc77-40b0-85b0-af90147d637e","readOnly":true,"eventType":"AwsApiCall","managementEvent":true,"recipientAccountId":"107513503799","eventCategory":"Management","sessionCredentialFromConsole":"true"},{"eventVersion":"1.08","userIdentity":{"type":"Root","principalId":"107513503799","arn":"arn:aws:iam::107513503799:root","accountId":"107513503799","accessKeyId":"ASIARSCCN4A3RAF3W7UY","sessionContext":{"sessionIssuer":{},"webIdFederationData":{},"attributes":{"creationDate":"2023-08-26T18:45:20Z","mfaAuthenticated":"false"}}},"eventTime":"2023-08-26T20:58:32Z","eventSource":"notifications.amazonaws.com","eventName":"ListNotificationHubs","awsRegion":"us-east-1","sourceIPAddress":"84.32.71.243","userAgent":"Mozilla/5.0 (Windows NT 10.0; Win64; x64) AppleWebKit/537.36 (KHTML, like Gecko) Chrome/116.0.0.0 Safari/537.36","requestParameters":null,"responseElements":null,"requestID":"d66b0326-1a12-4e21-90ed-ad28ae7fb98f","eventID":"98dd6783-f668-42b7-8fd3-7d4668601176","readOnly":true,"eventType":"AwsApiCall","managementEvent":true,"recipientAccountId":"107513503799","eventCategory":"Management"},{"eventVersion":"1.08","userIdentity":{"type":"AssumedRole","principalId":"AROARSCCN4A34V23XHK6I:MySession","arn":"arn:aws:sts::107513503799:assumed-role/AdminRole/MySession","accountId":"107513503799","accessKeyId":"ASIARSCCN4A3QPI4OFEH","sessionContext":{"sessionIssuer":{"type":"Role","principalId":"AROARSCCN4A34V23XHK6I","arn":"arn:aws:iam::107513503799:role/AdminRole","accountId":"107513503799","userName":"AdminRole"},"webIdFederationData":{},"attributes":{"creationDate":"2023-08-26T20:54:28Z","mfaAuthenticated":"false"}}},"eventTime":"2023-08-26T20:59:54Z","eventSource":"sts.amazonaws.com","eventName":"GetCallerIdentity","awsRegion":"us-east-1","sourceIPAddress":"84.32.71.36","userAgent":"aws-cli/1.27.74 Python/3.10.6 Linux/5.15.90.1-microsoft-standard-WSL2 botocore/1.29.74","requestParameters":null,"responseElements":null,"requestID":"4afc1ae7-cac8-4a12-bf61-5d2b08c5aa46","eventID":"010387ea-2bc8-45fb-8c5a-8ba865492209","readOnly":true,"eventType":"AwsApiCall","managementEvent":true,"recipientAccountId":"107513503799","eventCategory":"Management","tlsDetails":{"tlsVersion":"TLSv1.2","cipherSuite":"ECDHE-RSA-AES128-GCM-SHA256","clientProvidedHostHeader":"sts.amazonaws.com"}},{"eventVersion":"1.08","userIdentity":{"type":"Root","principalId":"107513503799","arn":"arn:aws:iam::107513503799:root","accountId":"107513503799","accessKeyId":"ASIARSCCN4A3RBVITGO5","sessionContext":{"sessionIssuer":{},"webIdFederationData":{},"attributes":{"creationDate":"2023-08-26T18:45:20Z","mfaAuthenticated":"false"}}},"eventTime":"2023-08-26T21:00:36Z","eventSource":"health.amazonaws.com","eventName":"DescribeEventAggregates","awsRegion":"us-east-1","sourceIPAddress":"84.32.71.34","userAgent":"AWS Internal","requestParameters":{"aggregateField":"eventTypeCategory","filter":{"eventStatusCodes":["open","upcoming"],"startTimes":[{"from":"Aug 19, 2023 9:00:35 PM"}]}},"responseElements":null,"requestID":"11f23827-c3da-4c65-81ee-d649db369e51","eventID":"79be0de0-2daa-44f0-82ff-e37eb0373f73","readOnly":true,"eventType":"AwsApiCall","managementEvent":true,"recipientAccountId":"107513503799","eventCategory":"Management","sessionCredentialFromConsole":"true"},{"eventVersion":"1.08","userIdentity":{"type":"Root","principalId":"107513503799","arn":"arn:aws:iam::107513503799:root","accountId":"107513503799","accessKeyId":"ASIARSCCN4A3T63KNWAN","sessionContext":{"sessionIssuer":{},"webIdFederationData":{},"attributes":{"creationDate":"2023-08-26T18:45:20Z","mfaAuthenticated":"false"}},"invokedBy":"health.amazonaws.com"},"eventTime":"2023-08-26T21:00:36Z","eventSource":"health.amazonaws.com","eventName":"DescribeEventAggregates","awsRegion":"us-east-1","sourceIPAddress":"health.amazonaws.com","userAgent":"AWS Internal","requestParameters":{"filter":{"startTimes":[{"from":"Aug 19, 2023, 9:00:35 PM"}],"eventStatusCodes":["open","upcoming"]},"aggregateField":"eventTypeCategory"},"responseElements":null,"requestID":"11f23827-c3da-4c65-81ee-d649db369e51","eventID":"63343f15-49d8-4482-8352-7105480a5512","readOnly":true,"eventType":"AwsApiCall","managementEvent":true,"recipientAccountId":"107513503799","eventCategory":"Management","sessionCredentialFromConsole":"true"}]}