{"Records":[{"eventVersion":"1.09","userIdentity":{"type":"Root","principalId":"107513503799","arn":"arn:aws:iam::107513503799:root","accountId":"107513503799","accessKeyId":"ASIARSCCN4A3VUWRL57Z","sessionContext":{"attributes":{"creationDate":"2023-08-26T18:45:20Z","mfaAuthenticated":"false"}}},"eventTime":"2023-08-26T20:43:34Z","eventSource":"s3.amazonaws.com","eventName":"GetBucketOwnershipControls","awsRegion":"us-east-1","sourceIPAddress":"84.32.71.38","userAgent":"[S3Console/0.4, aws-internal/3 aws-sdk-java/1.12.488 Linux/5.10.186-157.751.amzn2int.x86_64 OpenJDK_64-Bit_Server_VM/25.372-b08 java/1.8.0_372 vendor/Oracle_Corporation cfg/retry-mode/standard]","requestParameters":{"ownershipControls":"","bucketName":"emergency-data-recovery","Host":"s3.amazonaws.com"},"responseElements":null,"additionalEventData":{"SignatureVersion":"SigV4","CipherSuite":"ECDHE-RSA-AES128-GCM-SHA256","bytesTransferredIn":0,"AuthenticationMethod":"AuthHeader","x-amz-id-2":"XYO1cWoMXdBR7mrTqSI/XUTvIJczUPKtNdzHvsy9IhhXiXJaRqrcqoYgXV+uDW+iluzWPKJtIo8=","bytesTransferredOut":193},"requestID":"KPQ4T33VCKWSXMDE","eventID":"bb549ffa-5410-411e-8e5d-23496f691341","readOnly":true,"resources":[{"accountId":"107513503799","type":"AWS::S3::Bucket","ARN":"arn:aws:s3:::emergency-data-recovery"}],"eventType":"AwsApiCall","managementEvent":true,"recipientAccountId":"107513503799","vpcEndpointId":"vpce-f40dc59d","eventCategory":"Management","tlsDetails":{"tlsVersion":"TLSv1.2","cipherSuite":"ECDHE-RSA-AES128-GCM-SHA256","clientProvidedHostHeader":"s3.amazonaws.com"}},{"eventVersion":"1.08","userIdentity":{"type":"IAMUser","principalId":"AIDARSCCN4A3X2YWZ37ZI","arn":"arn:aws:iam::107513503799:user/temp-user","accountId":"107513503799","accessKeyId":"AKIARSCCN4A3WD4RO4P4","userName":"temp-user"},"eventTime":"2023-08-26T20:47:10Z","eventSource":"iam.amazonaws.com","eventName":"ListAccountAliases","awsRegion":"us-east-1","sourceIPAddress":"84.32.71.5","userAgent":"aws-sdk-go-v2/1.3.2","errorCode":"AccessDenied","errorMessage":"User: arn:aws:iam::107513503799:user/temp-user is not authorized to perform: iam:ListAccountAliases on resource: * because no identity-based policy allows the iam:ListAccountAliases action","requestParameters":null,"responseElements":null,"requestID":"b9a8da9b-186f-43a9-8f8f-af06b88a04ba","eventID":"e85acf53-e122-4355-ae85-25fc6d019e46","readOnly":true,"eventType":"AwsApiCall","managementEvent":true,"recipientAccountId":"107513503799","eventCategory":"Management","tlsDetails":{"tlsVersion":"TLSv1.2","cipherSuite":"ECDHE-RSA-AES128-GCM-SHA256","clientProvidedHostHeader":"iam.amazonaws.com"}},{"eventVersion":"1.08","userIdentity":{"type":"IAMUser","principalId":"AIDARSCCN4A3X2YWZ37ZI","arn":"arn:aws:iam::107513503799:user/temp-user","accountId":"107513503799","accessKeyId":"AKIARSCCN4A3WD4RO4P4","userName":"temp-user"},"eventTime":"2023-08-26T20:47:10Z","eventSource":"iam.amazonaws.com","eventName":"ListInstanceProfiles","awsRegion":"us-east-1","sourceIPAddress":"84.32.71.49","userAgent":"aws-sdk-go-v2/1.3.2","errorCode":"AccessDenied","errorMessage":"User: arn:aws:iam::107513503799:user/temp-user is not authorized to perform: iam:ListInstanceProfiles on resource: arn:aws:iam::107513503799:instance-profile/ because no identity-based policy allows the iam:ListInstanceProfiles action","requestParameters":null,"responseElements":null,"requestID":"2fde5739-be1f-4747-88c6-9636b75b00aa","eventID":"dc16a1e4-cda2-4c05-8364-e48729b343dd","readOnly":true,"eventType":"AwsApiCall","managementEvent":true,"recipientAccountId":"107513503799","eventCategory":"Management","tlsDetails":{"tlsVersion":"TLSv1.2","cipherSuite":"ECDHE-RSA-AES128-GCM-SHA256","clientProvidedHostHeader":"iam.amazonaws.com"}},{"eventVersion":"1.08","userIdentity":{"type":"IAMUser","principalId":"AIDARSCCN4A3X2YWZ37ZI","arn":"arn:aws:iam::107513503799:user/temp-user","accountId":"107513503799","accessKeyId":"AKIARSCCN4A3WD4RO4P4","userName":"temp-user"},"eventTime":"2023-08-26T20:47:10Z","eventSource":"iam.amazonaws.com","eventName":"ListSigningCertificates","awsRegion":"us-east-1","sourceIPAddress":"84.32.71.35","userAgent":"aws-sdk-go-v2/1.3.2","errorCode":"AccessDenied","errorMessage":"User: arn:aws:iam::107513503799:user/temp-user is not authorized to perform: iam:ListSigningCertificates on resource: user temp-user because no identity-based policy allows the iam:ListSigningCertificates action","requestParameters":null,"responseElements":null,"requestID":"3165d62b-f370-4764-815e-827d0fc3d487","eventID":"a015eca1-d37b-4a91-9819-fa821c1cc027","readOnly":true,"eventType":"AwsApiCall","managementEvent":true,"recipientAccountId":"107513503799","eventCategory":"Management","tlsDetails":{"tlsVersion":"TLSv1.2","cipherSuite":"ECDHE-RSA-AES128-GCM-SHA256","clientProvidedHostHeader":"iam.amazonaws.com"}},{"eventVersion":"1.08","userIdentity":{"type":"IAMUser","principalId":"AIDARSCCN4A3X2YWZ37ZI","arn":"arn:aws:iam::107513503799:user/temp-user","accountId":"107513503799","accessKeyId":"AKIARSCCN4A3WD4RO4P4","userName":"temp-user"},"eventTime":"2023-08-26T20:47:10Z","eventSource":"iam.amazonaws.com","eventName":"ListUsers","awsRegion":"us-east-1","sourceIPAddress":"84.32.71.5","userAgent":"aws-sdk-go-v2/1.3.2","errorCode":"AccessDenied","errorMessage":"User: arn:aws:iam::107513503799:user/temp-user is not authorized to perform: iam:ListUsers on resource: arn:aws:iam::107513503799:user/ because no identity-based policy allows the iam:ListUsers action","requestParameters":null,"responseElements":null,"requestID":"984a45f3-362f-4594-856f-87f9fd09c019","eventID":"ba8030e3-a7b9-4492-a400-6103e5b35860","readOnly":true,"eventType":"AwsApiCall","managementEvent":true,"recipientAccountId":"107513503799","eventCategory":"Management","tlsDetails":{"tlsVersion":"TLSv1.2","cipherSuite":"ECDHE-RSA-AES128-GCM-SHA256","clientProvidedHostHeader":"iam.amazonaws.com"}},{"eventVersion":"1.08","userIdentity":{"type":"IAMUser","principalId":"AIDARSCCN4A3X2YWZ37ZI","arn":"arn:aws:iam::107513503799:user/temp-user","accountId":"107513503799","accessKeyId":"AKIARSCCN4A3WD4RO4P4","userName":"temp-user"},"eventTime":"2023-08-26T20:46:55Z","eventSource":"datapipeline.amazonaws.com","eventName":"ListPipelines","awsRegion":"us-east-1","sourceIPAddress":"84.32.71.18","userAgent":"aws-sdk-go-v2/1.3.2","errorCode":"AccessDenied","errorMessage":"User: arn:aws:iam::107513503799:user/temp-user is not authorized to perform: datapipeline:ListPipelines on resource: arn:aws:datapipeline:us-east-1:107513503799:pipeline/* because no identity-based policy allows the datapipeline:ListPipelines action","requestParameters":null,"responseElements":null,"requestID":"a3ffdf71-6c36-4edc-b23e-dfe50a73967e","eventID":"dd9dfc2d-e6f1-469a-9451-2d516527e3ca","readOnly":true,"eventType":"AwsApiCall","managementEvent":true,"recipientAccountId":"107513503799","eventCategory":"Management","tlsDetails":{"tlsVersion":"TLSv1.2","cipherSuite":"ECDHE-RSA-AES128-GCM-SHA256","clientProvidedHostHeader":"datapipeline.us-east-1.amazonaws.com"}},{"eventVersion":"1.08","userIdentity":{"type":"IAMUser","principalId":"AIDARSCCN4A3X2YWZ37ZI","arn":"arn:aws:iam::107513503799:user/temp-user","accountId":"107513503799","accessKeyId":"AKIARSCCN4A3WD4RO4P4","userName":"temp-user"},"eventTime":"2023-08-26T20:46:55Z","eventSource":"comprehend.amazonaws.com","eventName":"ListEntityRecognizers","awsRegion":"us-east-1","sourceIPAddress":"84.32.71.32","userAgent":"aws-sdk-go-v2/1.3.2","errorCode":"AccessDenied","errorMessage":"User: arn:aws:iam::107513503799:user/temp-user is not authorized to perform: comprehend:ListEntityRecognizers because no identity-based policy allows the comprehend:ListEntityRecognizers action","requestParameters":null,"responseElements":null,"requestID":"8e05b9f8-94e7-4cef-916f-ebf8e85ffe9d","eventID":"9714c9d8-b866-416d-8677-08d5be989f3e","readOnly":true,"eventType":"AwsApiCall","managementEvent":true,"recipientAccountId":"107513503799","eventCategory":"Management","tlsDetails":{"tlsVersion":"TLSv1.3","cipherSuite":"TLS_AES_128_GCM_SHA256","clientProvidedHostHeader":"comprehend.us-east-1.amazonaws.com"}},{"eventVersion":"1.08","userIdentity":{"type":"IAMUser","principalId":"AIDARSCCN4A3X2YWZ37ZI","arn":"arn:aws:iam::107513503799:user/temp-user","accountId":"107513503799","accessKeyId":"AKIARSCCN4A3WD4RO4P4","userName":"temp-user"},"eventTime":"2023-08-26T20:46:58Z","eventSource":"dax.amazonaws.com","eventName":"DescribeDefaultParameters","awsRegion":"us-east-1","sourceIPAddress":"84.32.71.21","userAgent":"aws-sdk-go-v2/1.3.2","errorCode":"AccessDenied","errorMessage":"User: arn:aws:iam::107513503799:user/temp-user is not authorized to perform: dax:DescribeDefaultParameters because no identity-based policy allows the dax:DescribeDefaultParameters action","requestParameters":null,"responseElements":null,"requestID":"2e3427b8-7daf-49af-ab99-37275d554b16","eventID":"2180f786-4e0e-476a-af83-d32618b32788","readOnly":true,"eventType":"AwsApiCall","managementEvent":true,"recipientAccountId":"107513503799","eventCategory":"Management","tlsDetails":{"tlsVersion":"TLSv1.2","cipherSuite":"ECDHE-RSA-AES128-GCM-SHA256","clientProvidedHostHeader":"dax.us-east-1.amazonaws.com"}},{"eventVersion":"1.08","userIdentity":{"type":"IAMUser","principalId":"AIDARSCCN4A3X2YWZ37ZI","arn":"arn:aws:iam::107513503799:user/temp-user","accountId":"107513503799","accessKeyId":"AKIARSCCN4A3WD4RO4P4","userName":"temp-user"},"eventTime":"2023-08-26T20:47:22Z","eventSource":"organizations.amazonaws.com","eventName":"ListAccounts","awsRegion":"us-east-1","sourceIPAddress":"84.32.71.47","userAgent":"aws-sdk-go-v2/1.3.2","errorCode":"AccessDenied","errorMessage":"User: arn:aws:iam::107513503799:user/temp-user is not authorized to perform: organizations:ListAccounts on resource: * because no resource-based policy allows the organizations:ListAccounts action","requestParameters":null,"responseElements":null,"requestID":"d7185d46-3aba-4ca7-9deb-7ba1df4d0ede","eventID":"bd0a64b2-7e00-4069-80ce-f58e52940b31","readOnly":true,"eventType":"AwsApiCall","managementEvent":true,"recipientAccountId":"107513503799","eventCategory":"Management","tlsDetails":{"tlsVersion":"TLSv1.3","cipherSuite":"TLS_AES_128_GCM_SHA256","clientProvidedHostHeader":"organizations.us-east-1.amazonaws.com"}},{"eventVersion":"1.08","userIdentity":{"type":"IAMUser","principalId":"AIDARSCCN4A3X2YWZ37ZI","arn":"arn:aws:iam::107513503799:user/temp-user","accountId":"107513503799","accessKeyId":"AKIARSCCN4A3WD4RO4P4","userName":"temp-user"},"eventTime":"2023-08-26T20:47:28Z","eventSource":"route53.amazonaws.com","eventName":"ListHealthChecks","awsRegion":"us-east-1","sourceIPAddress":"84.32.71.243","userAgent":"aws-sdk-go-v2/1.3.2","errorCode":"AccessDenied","errorMessage":"User: arn:aws:iam::107513503799:user/temp-user is not authorized to perform: route53:ListHealthChecks because no identity-based policy allows the route53:ListHealthChecks action","requestParameters":null,"responseElements":null,"requestID":"3f394d4f-b24e-4f6d-b606-c643da52f535","eventID":"1f4d7d34-da3f-4f62-89ce-ca287c20b40c","readOnly":true,"eventType":"AwsApiCall","managementEvent":true,"recipientAccountId":"107513503799","eventCategory":"Management","tlsDetails":{"tlsVersion":"TLSv1.2","cipherSuite":"ECDHE-RSA-AES128-GCM-SHA256","clientProvidedHostHeader":"route53.amazonaws.com"}},{"eventVersion":"1.08","userIdentity":{"type":"IAMUser","principalId":"AIDARSCCN4A3X2YWZ37ZI","arn":"arn:aws:iam::107513503799:user/temp-user","accountId":"107513503799","accessKeyId":"AKIARSCCN4A3WD4RO4P4","userName":"temp-user"},"eventTime":"2023-08-26T20:47:09Z","eventSource":"iot.amazonaws.com","eventName":"ListAuthorizers","awsRegion":"us-east-1","sourceIPAddress":"84.32.71.29","userAgent":"aws-sdk-go-v2/1.3.2","errorCode":"AccessDenied","errorMessage":"User: arn:aws:iam::107513503799:user/temp-user is not authorized to perform: iot:ListAuthorizers on resource: * because no identity-based policy allows the iot:ListAuthorizers action","requestParameters":null,"responseElements":null,"requestID":"1f9c63ca-0bcb-4d7e-b4df-851a080e74fb","eventID":"a8e2f4a6-ef73-4622-acc8-9651c5747f36","readOnly":true,"eventType":"AwsApiCall","managementEvent":true,"recipientAccountId":"107513503799","eventCategory":"Management","tlsDetails":{"tlsVersion":"TLSv1.3","cipherSuite":"TLS_AES_128_GCM_SHA256","clientProvidedHostHeader":"iot.us-east-1.amazonaws.com"}},{"eventVersion":"1.08","userIdentity":{"type":"IAMUser","principalId":"AIDARSCCN4A3X2YWZ37ZI","arn":"arn:aws:iam::107513503799:user/temp-user","accountId":"107513503799","accessKeyId":"AKIARSCCN4A3WD4RO4P4","userName":"temp-user"},"eventTime":"2023-08-26T20:47:19Z","eventSource":"mediaconvert.amazonaws.com","eventName":"ListPresets","awsRegion":"us-east-1","sourceIPAddress":"84.32.71.28","userAgent":"aws-sdk-go-v2/1.3.2","errorCode":"AccessDenied","requestParameters":null,"responseElements":null,"requestID":"9a537c8d-49fe-4c85-beff-07060dd07ef3","eventID":"54979edf-5edb-470a-9e3a-ce3666ddf831","readOnly":true,"eventType":"AwsApiCall","managementEvent":true,"recipientAccountId":"107513503799","eventCategory":"Management"},{"eventVersion":"1.08","userIdentity":{"type":"IAMUser","principalId":"AIDARSCCN4A3X2YWZ37ZI","arn":"arn:aws:iam::107513503799:user/temp-user","accountId":"107513503799","accessKeyId":"AKIARSCCN4A3WD4RO4P4","userName":"temp-user"},"eventTime":"2023-08-26T20:47:30Z","eventSource":"route53resolver.amazonaws.com","eventName":"ListResolverRules","awsRegion":"us-east-1","sourceIPAddress":"84.32.71.29","userAgent":"aws-sdk-go-v2/1.3.2","errorCode":"AccessDenied","errorMessage":"User: arn:aws:iam::107513503799:user/temp-user is not authorized to perform: route53resolver:ListResolverRules because no identity-based policy allows the route53resolver:ListResolverRules action","requestParameters":null,"responseElements":null,"requestID":"4ad4a144-ebc4-409b-9ce3-efaaf006bfb5","eventID":"c2724f94-b320-44ec-a4db-5df1e049ad18","readOnly":true,"eventType":"AwsApiCall","managementEvent":true,"recipientAccountId":"107513503799","eventCategory":"Management","tlsDetails":{"tlsVersion":"TLSv1.3","cipherSuite":"TLS_AES_128_GCM_SHA256","clientProvidedHostHeader":"route53resolver.us-east-1.amazonaws.com"}},{"eventVersion":"1.08","userIdentity":{"type":"IAMUser","principalId":"AIDARSCCN4A3X2YWZ37ZI","arn":"arn:aws:iam::107513503799:user/temp-user","accountId":"107513503799","accessKeyId":"AKIARSCCN4A3WD4RO4P4","userName":"temp-user"},"eventTime":"2023-08-26T20:47:37Z","eventSource":"ssm.amazonaws.com","eventName":"ListComplianceItems","awsRegion":"us-east-1","sourceIPAddress":"84.32.71.50","userAgent":"aws-sdk-go-v2/1.3.2","errorCode":"AccessDenied","errorMessage":"User: arn:aws:iam::107513503799:user/temp-user is not authorized to perform: ssm:ListComplianceItems on resource: arn:aws:ssm:us-east-1:107513503799:* because no identity-based policy allows the ssm:ListComplianceItems action","requestParameters":null,"responseElements":null,"requestID":"e38f6d50-d003-4392-b16f-c65056598cd0","eventID":"258ce2ae-9de2-4933-af26-fc9cf5f5c7a6","readOnly":true,"eventType":"AwsApiCall","managementEvent":true,"recipientAccountId":"107513503799","eventCategory":"Management","tlsDetails":{"tlsVersion":"TLSv1.2","cipherSuite":"ECDHE-RSA-AES128-GCM-SHA256","clientProvidedHostHeader":"ssm.us-east-1.amazonaws.com"}},{"eventVersion":"1.08","userIdentity":{"type":"IAMUser","principalId":"AIDARSCCN4A3X2YWZ37ZI","arn":"arn:aws:iam::107513503799:user/temp-user","accountId":"107513503799","accessKeyId":"AKIARSCCN4A3WD4RO4P4","userName":"temp-user"},"eventTime":"2023-08-26T20:47:40Z","eventSource":"waf.amazonaws.com","eventName":"ListGeoMatchSets","awsRegion":"us-east-1","sourceIPAddress":"84.32.71.20","userAgent":"aws-sdk-go-v2/1.3.2","errorCode":"AccessDenied","errorMessage":"User: arn:aws:iam::107513503799:user/temp-user is not authorized to perform: waf:ListGeoMatchSets on resource: arn:aws:waf::107513503799:geomatchset/* because no identity-based policy allows the waf:ListGeoMatchSets action","requestParameters":null,"responseElements":null,"requestID":"d3f2c8d4-b3cd-4794-88a2-4bfbaae91856","eventID":"2f9fcdf2-53a1-4f83-b936-2d66ebf9c830","readOnly":true,"eventType":"AwsApiCall","managementEvent":true,"recipientAccountId":"107513503799","eventCategory":"Management","tlsDetails":{"tlsVersion":"TLSv1.3","cipherSuite":"TLS_AES_128_GCM_SHA256","clientProvidedHostHeader":"waf.amazonaws.com"}}]}